id,type,dc\.identifier,definition,inScheme,notation,note,prefLabel,topConceptOf,hasTopConcept
https://data.bodemenondergrond.vlaanderen.be/id/concept/sedimentairestructuurtype/be,http://www.w3.org/2004/02/skos/core#Concept,be.vlaanderen.bodemenondergrond.data.id.concept.sedimentairestructuurtype.be,"Fenestrae. Holten van millimetergrootte in sedimentaire gesteente die geheel of gedeeltelijk opgevuld kunnen zijn door sediment of cement, gevormd door uitdroging of insluiting van lucht.",https://data.bodemenondergrond.vlaanderen.be/id/conceptscheme/sedimentairestructuurtype,BE,"Fenestrae. Holten van millimetergrootte in sedimentaire gesteente die geheel of gedeeltelijk opgevuld kunnen zijn door sediment of cement, gevormd door uitdroging of insluiting van lucht.",birdseyes,https://data.bodemenondergrond.vlaanderen.be/id/conceptscheme/sedimentairestructuurtype,null
https://data.bodemenondergrond.vlaanderen.be/id/concept/sedimentairestructuurtype/bk,http://www.w3.org/2004/02/skos/core#Concept,be.vlaanderen.bodemenondergrond.data.id.concept.sedimentairestructuurtype.bk,"Korrels die bestaan uit de overblijfselen van organismen, vaak microscopische kalkskeletjes.",https://data.bodemenondergrond.vlaanderen.be/id/conceptscheme/sedimentairestructuurtype,BK,"Korrels die bestaan uit de overblijfselen van organismen, vaak microscopische kalkskeletjes.",bioklasten,https://data.bodemenondergrond.vlaanderen.be/id/conceptscheme/sedimentairestructuurtype,null
https://data.bodemenondergrond.vlaanderen.be/id/concept/sedimentairestructuurtype/bo,http://www.w3.org/2004/02/skos/core#Concept,be.vlaanderen.bodemenondergrond.data.id.concept.sedimentairestructuurtype.bo,Kalksteen waarbij de korrels aaneengekit zijn door organismen.,https://data.bodemenondergrond.vlaanderen.be/id/conceptscheme/sedimentairestructuurtype,BO,Kalksteen waarbij de korrels aaneengekit zijn door organismen.,boundstone textuur,https://data.bodemenondergrond.vlaanderen.be/id/conceptscheme/sedimentairestructuurtype,null
https://data.bodemenondergrond.vlaanderen.be/id/concept/sedimentairestructuurtype/br,http://www.w3.org/2004/02/skos/core#Concept,be.vlaanderen.bodemenondergrond.data.id.concept.sedimentairestructuurtype.br,Klastisch met grove hoekige fragmenten.,https://data.bodemenondergrond.vlaanderen.be/id/conceptscheme/sedimentairestructuurtype,BR,Klastisch met grove hoekige fragmenten.,breccieus,https://data.bodemenondergrond.vlaanderen.be/id/conceptscheme/sedimentairestructuurtype,null
https://data.bodemenondergrond.vlaanderen.be/id/concept/sedimentairestructuurtype/bt,http://www.w3.org/2004/02/skos/core#Concept,be.vlaanderen.bodemenondergrond.data.id.concept.sedimentairestructuurtype.bt,"Het omwoelen van sediment, hoofdzakelijk door gravende organismen.",https://data.bodemenondergrond.vlaanderen.be/id/conceptscheme/sedimentairestructuurtype,BT,"Het omwoelen van sediment, hoofdzakelijk door gravende organismen.",bioturbatie,https://data.bodemenondergrond.vlaanderen.be/id/conceptscheme/sedimentairestructuurtype,null
https://data.bodemenondergrond.vlaanderen.be/id/concept/sedimentairestructuurtype/ca,http://www.w3.org/2004/02/skos/core#Concept,be.vlaanderen.bodemenondergrond.data.id.concept.sedimentairestructuurtype.ca,"Een poederig, nodulair tot sterk verhard materiaal dat nabij het oppervlak gevormd is in een ariede tot semi-ariede omgeving, door cementatie door calciet, aangevoerd door grondwater in het sediment en de bodem.",https://data.bodemenondergrond.vlaanderen.be/id/conceptscheme/sedimentairestructuurtype,CA,"Een poederig, nodulair tot sterk verhard materiaal dat nabij het oppervlak gevormd is in een ariede tot semi-ariede omgeving, door cementatie door calciet, aangevoerd door grondwater in het sediment en de bodem.",calcrete / caliche,https://data.bodemenondergrond.vlaanderen.be/id/conceptscheme/sedimentairestructuurtype,null
https://data.bodemenondergrond.vlaanderen.be/id/concept/sedimentairestructuurtype/cb,http://www.w3.org/2004/02/skos/core#Concept,be.vlaanderen.bodemenondergrond.data.id.concept.sedimentairestructuurtype.cb,Breuken ontstaan door compactie van het sediment bij begraving.,https://data.bodemenondergrond.vlaanderen.be/id/conceptscheme/sedimentairestructuurtype,CB,Breuken ontstaan door compactie van het sediment bij begraving.,compactiebreuken,https://data.bodemenondergrond.vlaanderen.be/id/conceptscheme/sedimentairestructuurtype,null
https://data.bodemenondergrond.vlaanderen.be/id/concept/sedimentairestructuurtype/co,http://www.w3.org/2004/02/skos/core#Concept,be.vlaanderen.bodemenondergrond.data.id.concept.sedimentairestructuurtype.co,"Nodule, vaak sferisch maar kan ook irregulair van vorm zijn. Vaak bestaande uit carbonaatmateriaal, pyriet, gips of silica.",https://data.bodemenondergrond.vlaanderen.be/id/conceptscheme/sedimentairestructuurtype,CO,"Nodule, vaak sferisch maar kan ook irregulair van vorm zijn. Vaak bestaande uit carbonaatmateriaal, pyriet, gips of silica.",concretie,https://data.bodemenondergrond.vlaanderen.be/id/conceptscheme/sedimentairestructuurtype,null
https://data.bodemenondergrond.vlaanderen.be/id/concept/sedimentairestructuurtype/cu,http://www.w3.org/2004/02/skos/core#Concept,be.vlaanderen.bodemenondergrond.data.id.concept.sedimentairestructuurtype.cu,Gelaagd sediment waarbij de korrelgrootte toeneemt naar boven toe.,https://data.bodemenondergrond.vlaanderen.be/id/conceptscheme/sedimentairestructuurtype,CU,Gelaagd sediment waarbij de korrelgrootte toeneemt naar boven toe.,CU-gegradeerde gelaagdheid,https://data.bodemenondergrond.vlaanderen.be/id/conceptscheme/sedimentairestructuurtype,null
https://data.bodemenondergrond.vlaanderen.be/id/concept/sedimentairestructuurtype/ep,http://www.w3.org/2004/02/skos/core#Concept,be.vlaanderen.bodemenondergrond.data.id.concept.sedimentairestructuurtype.ep,Een secundair evaporiet mineraal dat de vorm van het oorspronkelijke mineraal of fossiel heeft behouden.,https://data.bodemenondergrond.vlaanderen.be/id/conceptscheme/sedimentairestructuurtype,EP,Een secundair evaporiet mineraal dat de vorm van het oorspronkelijke mineraal of fossiel heeft behouden.,evaporiet pseudomorfen,https://data.bodemenondergrond.vlaanderen.be/id/conceptscheme/sedimentairestructuurtype,null
https://data.bodemenondergrond.vlaanderen.be/id/concept/sedimentairestructuurtype/ev,http://www.w3.org/2004/02/skos/core#Concept,be.vlaanderen.bodemenondergrond.data.id.concept.sedimentairestructuurtype.ev,Een vlak (of lijn in een 2D profiel) waarop erosie heeft plaatsgevonden. Het bovenliggende pakket is ingesneden in het onderliggende pakket. Dit vlak kan recht of onregelmatig ondulerend zijn. Vaak is er een basisgrind aanwezig aan de basis van het bovenliggende pakket.,https://data.bodemenondergrond.vlaanderen.be/id/conceptscheme/sedimentairestructuurtype,EV,Een vlak (of lijn in een 2D profiel) waarop erosie heeft plaatsgevonden. Het bovenliggende pakket is ingesneden in het onderliggende pakket. Dit vlak kan recht of onregelmatig ondulerend zijn. Vaak is er een basisgrind aanwezig aan de basis van het bovenliggende pakket.,erosievlak,https://data.bodemenondergrond.vlaanderen.be/id/conceptscheme/sedimentairestructuurtype,null
https://data.bodemenondergrond.vlaanderen.be/id/concept/sedimentairestructuurtype/fb,http://www.w3.org/2004/02/skos/core#Concept,be.vlaanderen.bodemenondergrond.data.id.concept.sedimentairestructuurtype.fb,Aanwezigheid van fijne banken.,https://data.bodemenondergrond.vlaanderen.be/id/conceptscheme/sedimentairestructuurtype,FB,Aanwezigheid van fijne banken.,fijn gebankt,https://data.bodemenondergrond.vlaanderen.be/id/conceptscheme/sedimentairestructuurtype,null
https://data.bodemenondergrond.vlaanderen.be/id/concept/sedimentairestructuurtype/fn,http://www.w3.org/2004/02/skos/core#Concept,be.vlaanderen.bodemenondergrond.data.id.concept.sedimentairestructuurtype.fn,Fossiele die niet volledig gecompacteerd zijn tot platte afdrukken.,https://data.bodemenondergrond.vlaanderen.be/id/conceptscheme/sedimentairestructuurtype,FN,Fossiele die niet volledig gecompacteerd zijn tot platte afdrukken.,niet-gecompacteerde fossielen,https://data.bodemenondergrond.vlaanderen.be/id/conceptscheme/sedimentairestructuurtype,null
https://data.bodemenondergrond.vlaanderen.be/id/concept/sedimentairestructuurtype/fo,http://www.w3.org/2004/02/skos/core#Concept,be.vlaanderen.bodemenondergrond.data.id.concept.sedimentairestructuurtype.fo,Sediment rijk aan fossielen.,https://data.bodemenondergrond.vlaanderen.be/id/conceptscheme/sedimentairestructuurtype,FO,Sediment rijk aan fossielen.,fossielrijk,https://data.bodemenondergrond.vlaanderen.be/id/conceptscheme/sedimentairestructuurtype,null
https://data.bodemenondergrond.vlaanderen.be/id/concept/sedimentairestructuurtype/fs,http://www.w3.org/2004/02/skos/core#Concept,be.vlaanderen.bodemenondergrond.data.id.concept.sedimentairestructuurtype.fs,Een grofkorrelige kalksteen waarbij meer dan 10% van de klasten groter is dan 2 mm. De klasten worden door de matrix gedragen.,https://data.bodemenondergrond.vlaanderen.be/id/conceptscheme/sedimentairestructuurtype,FS,Een grofkorrelige kalksteen waarbij meer dan 10% van de klasten groter is dan 2 mm. De klasten worden door de matrix gedragen.,floatstone,https://data.bodemenondergrond.vlaanderen.be/id/conceptscheme/sedimentairestructuurtype,null
https://data.bodemenondergrond.vlaanderen.be/id/concept/sedimentairestructuurtype/fu,http://www.w3.org/2004/02/skos/core#Concept,be.vlaanderen.bodemenondergrond.data.id.concept.sedimentairestructuurtype.fu,Gelaagd sediment waarbij de korrelgrootte afneemt naar boven toe.,https://data.bodemenondergrond.vlaanderen.be/id/conceptscheme/sedimentairestructuurtype,FU,Gelaagd sediment waarbij de korrelgrootte afneemt naar boven toe.,FU-gegradeerde gelaagdheid,https://data.bodemenondergrond.vlaanderen.be/id/conceptscheme/sedimentairestructuurtype,null
https://data.bodemenondergrond.vlaanderen.be/id/concept/sedimentairestructuurtype/ge,http://www.w3.org/2004/02/skos/core#Concept,be.vlaanderen.bodemenondergrond.data.id.concept.sedimentairestructuurtype.ge,Aanwezigheid van een gebande textuur.,https://data.bodemenondergrond.vlaanderen.be/id/conceptscheme/sedimentairestructuurtype,GE,Aanwezigheid van een gebande textuur.,geband,https://data.bodemenondergrond.vlaanderen.be/id/conceptscheme/sedimentairestructuurtype,null
https://data.bodemenondergrond.vlaanderen.be/id/concept/sedimentairestructuurtype/go,http://www.w3.org/2004/02/skos/core#Concept,be.vlaanderen.bodemenondergrond.data.id.concept.sedimentairestructuurtype.go,"Een laagvlak dat een ondulerend of golvend voorkomen heeft, in tegenstelling tot een recht laagvlak.",https://data.bodemenondergrond.vlaanderen.be/id/conceptscheme/sedimentairestructuurtype,GO,"Een laagvlak dat een ondulerend of golvend voorkomen heeft, in tegenstelling tot een recht laagvlak.",golvend laagvlak,https://data.bodemenondergrond.vlaanderen.be/id/conceptscheme/sedimentairestructuurtype,null
https://data.bodemenondergrond.vlaanderen.be/id/concept/sedimentairestructuurtype/gp,http://www.w3.org/2004/02/skos/core#Concept,be.vlaanderen.bodemenondergrond.data.id.concept.sedimentairestructuurtype.gp,Structuur gevormd door de gedeeltelijke opvulling van een holte door sediment onder invloed van de zwaartekracht.,https://data.bodemenondergrond.vlaanderen.be/id/conceptscheme/sedimentairestructuurtype,GP,Structuur gevormd door de gedeeltelijke opvulling van een holte door sediment onder invloed van de zwaartekracht.,geopetale structuur,https://data.bodemenondergrond.vlaanderen.be/id/conceptscheme/sedimentairestructuurtype,null
https://data.bodemenondergrond.vlaanderen.be/id/concept/sedimentairestructuurtype/gt,http://www.w3.org/2004/02/skos/core#Concept,be.vlaanderen.bodemenondergrond.data.id.concept.sedimentairestructuurtype.gt,De textuur van een klastisch gesteente.,https://data.bodemenondergrond.vlaanderen.be/id/conceptscheme/sedimentairestructuurtype,GT,De textuur van een klastisch gesteente.,grainstone textuur,https://data.bodemenondergrond.vlaanderen.be/id/conceptscheme/sedimentairestructuurtype,null
https://data.bodemenondergrond.vlaanderen.be/id/concept/sedimentairestructuurtype/hg,http://www.w3.org/2004/02/skos/core#Concept,be.vlaanderen.bodemenondergrond.data.id.concept.sedimentairestructuurtype.hg,"Een verhard oppervlak, gevormd door synsedimentaire lithificatie van sediment op de zeebodem tijdens een periode van verminderde sedimentatiesnelheid.",https://data.bodemenondergrond.vlaanderen.be/id/conceptscheme/sedimentairestructuurtype,HG,"Een verhard oppervlak, gevormd door synsedimentaire lithificatie van sediment op de zeebodem tijdens een periode van verminderde sedimentatiesnelheid.",hardground,https://data.bodemenondergrond.vlaanderen.be/id/conceptscheme/sedimentairestructuurtype,null
https://data.bodemenondergrond.vlaanderen.be/id/concept/sedimentairestructuurtype/ik,http://www.w3.org/2004/02/skos/core#Concept,be.vlaanderen.bodemenondergrond.data.id.concept.sedimentairestructuurtype.ik,"Een klast gevormd door erosie van sediment niet lang na afzetting, herwerkt in een jongere afzetting.",https://data.bodemenondergrond.vlaanderen.be/id/conceptscheme/sedimentairestructuurtype,IK,"Een klast gevormd door erosie van sediment niet lang na afzetting, herwerkt in een jongere afzetting.",intraklasten,https://data.bodemenondergrond.vlaanderen.be/id/conceptscheme/sedimentairestructuurtype,null
https://data.bodemenondergrond.vlaanderen.be/id/concept/sedimentairestructuurtype/ka,http://www.w3.org/2004/02/skos/core#Concept,be.vlaanderen.bodemenondergrond.data.id.concept.sedimentairestructuurtype.ka,"Oplossingsstructuren gevormd in carbonaathoudend materiaal, meestal door de inwerking van zuur oppervlaktewater.",https://data.bodemenondergrond.vlaanderen.be/id/conceptscheme/sedimentairestructuurtype,KA,"Oplossingsstructuren gevormd in carbonaathoudend materiaal, meestal door de inwerking van zuur oppervlaktewater.",karst / oplossing,https://data.bodemenondergrond.vlaanderen.be/id/conceptscheme/sedimentairestructuurtype,null
https://data.bodemenondergrond.vlaanderen.be/id/concept/sedimentairestructuurtype/ke,http://www.w3.org/2004/02/skos/core#Concept,be.vlaanderen.bodemenondergrond.data.id.concept.sedimentairestructuurtype.ke,Laagjes of discontinue lenzen van klei.,https://data.bodemenondergrond.vlaanderen.be/id/conceptscheme/sedimentairestructuurtype,KE,Laagjes of discontinue lenzen van klei.,kleilenzen /-laagjes,https://data.bodemenondergrond.vlaanderen.be/id/conceptscheme/sedimentairestructuurtype,null
https://data.bodemenondergrond.vlaanderen.be/id/concept/sedimentairestructuurtype/kk,http://www.w3.org/2004/02/skos/core#Concept,be.vlaanderen.bodemenondergrond.data.id.concept.sedimentairestructuurtype.kk,Een klast bestaande uit kalkmateriaal.,https://data.bodemenondergrond.vlaanderen.be/id/conceptscheme/sedimentairestructuurtype,KK,Een klast bestaande uit kalkmateriaal.,kalkklasten,https://data.bodemenondergrond.vlaanderen.be/id/conceptscheme/sedimentairestructuurtype,null
https://data.bodemenondergrond.vlaanderen.be/id/concept/sedimentairestructuurtype/kl,http://www.w3.org/2004/02/skos/core#Concept,be.vlaanderen.bodemenondergrond.data.id.concept.sedimentairestructuurtype.kl,Klasten bestaande uit kleiig materiaal.,https://data.bodemenondergrond.vlaanderen.be/id/conceptscheme/sedimentairestructuurtype,KL,Klasten bestaande uit kleiig materiaal.,kleiklasten,https://data.bodemenondergrond.vlaanderen.be/id/conceptscheme/sedimentairestructuurtype,null
https://data.bodemenondergrond.vlaanderen.be/id/concept/sedimentairestructuurtype/ko,http://www.w3.org/2004/02/skos/core#Concept,be.vlaanderen.bodemenondergrond.data.id.concept.sedimentairestructuurtype.ko,Een laagvlak rijk aan brokjes van bruinkool of steenkool.,https://data.bodemenondergrond.vlaanderen.be/id/conceptscheme/sedimentairestructuurtype,KO,Een laagvlak rijk aan brokjes van bruinkool of steenkool.,laagvlak met koolbrokjes,https://data.bodemenondergrond.vlaanderen.be/id/conceptscheme/sedimentairestructuurtype,null
https://data.bodemenondergrond.vlaanderen.be/id/concept/sedimentairestructuurtype/kr,http://www.w3.org/2004/02/skos/core#Concept,be.vlaanderen.bodemenondergrond.data.id.concept.sedimentairestructuurtype.kr,Sedimentaire structuur waarbij schuine gelaagdheden voorkomen in verschillende tegengestelde oriëntaties.,https://data.bodemenondergrond.vlaanderen.be/id/conceptscheme/sedimentairestructuurtype,KR,Sedimentaire structuur waarbij schuine gelaagdheden voorkomen in verschillende tegengestelde oriëntaties.,kriskras gelaagdheid,https://data.bodemenondergrond.vlaanderen.be/id/conceptscheme/sedimentairestructuurtype,null
https://data.bodemenondergrond.vlaanderen.be/id/concept/sedimentairestructuurtype/kv,http://www.w3.org/2004/02/skos/core#Concept,be.vlaanderen.bodemenondergrond.data.id.concept.sedimentairestructuurtype.kv,Een laagvlak bestaande uit kleiig materiaal.,https://data.bodemenondergrond.vlaanderen.be/id/conceptscheme/sedimentairestructuurtype,KV,Een laagvlak bestaande uit kleiig materiaal.,kleirijk laagvlak,https://data.bodemenondergrond.vlaanderen.be/id/conceptscheme/sedimentairestructuurtype,null
https://data.bodemenondergrond.vlaanderen.be/id/concept/sedimentairestructuurtype/la,http://www.w3.org/2004/02/skos/core#Concept,be.vlaanderen.bodemenondergrond.data.id.concept.sedimentairestructuurtype.la,"Fijne discrete laagjes in het sediment of gesteente, tussen 0,005 en 1 mm dik.",https://data.bodemenondergrond.vlaanderen.be/id/conceptscheme/sedimentairestructuurtype,LA,"Fijne discrete laagjes in het sediment of gesteente, tussen 0,005 en 1 mm dik.",laminaties,https://data.bodemenondergrond.vlaanderen.be/id/conceptscheme/sedimentairestructuurtype,null
https://data.bodemenondergrond.vlaanderen.be/id/concept/sedimentairestructuurtype/le,http://www.w3.org/2004/02/skos/core#Concept,be.vlaanderen.bodemenondergrond.data.id.concept.sedimentairestructuurtype.le,Voorkomen van lensvormige discontinue laagjes.,https://data.bodemenondergrond.vlaanderen.be/id/conceptscheme/sedimentairestructuurtype,LE,Voorkomen van lensvormige discontinue laagjes.,lensvormige gelaagdheid,https://data.bodemenondergrond.vlaanderen.be/id/conceptscheme/sedimentairestructuurtype,null
https://data.bodemenondergrond.vlaanderen.be/id/concept/sedimentairestructuurtype/lf,http://www.w3.org/2004/02/skos/core#Concept,be.vlaanderen.bodemenondergrond.data.id.concept.sedimentairestructuurtype.lf,"Geëlongeerde dunne holten in sedimentaire gesteenten, geheel of gedeeltelijk opgevuld.",https://data.bodemenondergrond.vlaanderen.be/id/conceptscheme/sedimentairestructuurtype,LF,"Geëlongeerde dunne holten in sedimentaire gesteenten, geheel of gedeeltelijk opgevuld.",laminoid-fenestral structuur,https://data.bodemenondergrond.vlaanderen.be/id/conceptscheme/sedimentairestructuurtype,null
https://data.bodemenondergrond.vlaanderen.be/id/concept/sedimentairestructuurtype/li,http://www.w3.org/2004/02/skos/core#Concept,be.vlaanderen.bodemenondergrond.data.id.concept.sedimentairestructuurtype.li,Banken bestaande uit ligniet of bruinkool.,https://data.bodemenondergrond.vlaanderen.be/id/conceptscheme/sedimentairestructuurtype,LI,Banken bestaande uit ligniet of bruinkool.,lignietbanken,https://data.bodemenondergrond.vlaanderen.be/id/conceptscheme/sedimentairestructuurtype,null
https://data.bodemenondergrond.vlaanderen.be/id/concept/sedimentairestructuurtype/lm,http://www.w3.org/2004/02/skos/core#Concept,be.vlaanderen.bodemenondergrond.data.id.concept.sedimentairestructuurtype.lm,Banken die verhard zijn door de oxidatie van ijzerhoudende mineralen en de vorming van limoniet.,https://data.bodemenondergrond.vlaanderen.be/id/conceptscheme/sedimentairestructuurtype,LM,Banken die verhard zijn door de oxidatie van ijzerhoudende mineralen en de vorming van limoniet.,limoniet- / ijzerbanken,https://data.bodemenondergrond.vlaanderen.be/id/conceptscheme/sedimentairestructuurtype,null
https://data.bodemenondergrond.vlaanderen.be/id/concept/sedimentairestructuurtype/lo,http://www.w3.org/2004/02/skos/core#Concept,be.vlaanderen.bodemenondergrond.data.id.concept.sedimentairestructuurtype.lo,"Structuur gevormd bij deformatie van nat sediment, bv. nadat zand wordt afgezet bovenop klei waarbij het zand deels inzakt en ronde afdrukken achterlaat in de klei.",https://data.bodemenondergrond.vlaanderen.be/id/conceptscheme/sedimentairestructuurtype,LO,"Structuur gevormd bij deformatie van nat sediment, bv. nadat zand wordt afgezet bovenop klei waarbij het zand deels inzakt en ronde afdrukken achterlaat in de klei.",load cast,https://data.bodemenondergrond.vlaanderen.be/id/conceptscheme/sedimentairestructuurtype,null
https://data.bodemenondergrond.vlaanderen.be/id/concept/sedimentairestructuurtype/ma,http://www.w3.org/2004/02/skos/core#Concept,be.vlaanderen.bodemenondergrond.data.id.concept.sedimentairestructuurtype.ma,Zonder interne structuur.,https://data.bodemenondergrond.vlaanderen.be/id/conceptscheme/sedimentairestructuurtype,MA,Zonder interne structuur.,massief (compact),https://data.bodemenondergrond.vlaanderen.be/id/conceptscheme/sedimentairestructuurtype,null
https://data.bodemenondergrond.vlaanderen.be/id/concept/sedimentairestructuurtype/mi,http://www.w3.org/2004/02/skos/core#Concept,be.vlaanderen.bodemenondergrond.data.id.concept.sedimentairestructuurtype.mi,"Een vlak rijk aan mica's of glimmers, plaatvormige fyllosilicaten.",https://data.bodemenondergrond.vlaanderen.be/id/conceptscheme/sedimentairestructuurtype,MI,"Een vlak rijk aan mica's of glimmers, plaatvormige fyllosilicaten.",micarijk vlak,https://data.bodemenondergrond.vlaanderen.be/id/conceptscheme/sedimentairestructuurtype,null
https://data.bodemenondergrond.vlaanderen.be/id/concept/sedimentairestructuurtype/mu,http://www.w3.org/2004/02/skos/core#Concept,be.vlaanderen.bodemenondergrond.data.id.concept.sedimentairestructuurtype.mu,Gesteente met een zeer fijne kleiige textuur.,https://data.bodemenondergrond.vlaanderen.be/id/conceptscheme/sedimentairestructuurtype,MU,Gesteente met een zeer fijne kleiige textuur.,mudstone textuur,https://data.bodemenondergrond.vlaanderen.be/id/conceptscheme/sedimentairestructuurtype,null
https://data.bodemenondergrond.vlaanderen.be/id/concept/sedimentairestructuurtype/no,http://www.w3.org/2004/02/skos/core#Concept,be.vlaanderen.bodemenondergrond.data.id.concept.sedimentairestructuurtype.no,Een sedimentair gesteente rijk aan afgeronde vormen (nodules).,https://data.bodemenondergrond.vlaanderen.be/id/conceptscheme/sedimentairestructuurtype,NO,Een sedimentair gesteente rijk aan afgeronde vormen (nodules).,nodulair,https://data.bodemenondergrond.vlaanderen.be/id/conceptscheme/sedimentairestructuurtype,null
https://data.bodemenondergrond.vlaanderen.be/id/concept/sedimentairestructuurtype/ob,http://www.w3.org/2004/02/skos/core#Concept,be.vlaanderen.bodemenondergrond.data.id.concept.sedimentairestructuurtype.ob,Sedimentaire structuur onbepaald,https://data.bodemenondergrond.vlaanderen.be/id/conceptscheme/sedimentairestructuurtype,OB,Sedimentaire structuur onbepaald,onbepaald,https://data.bodemenondergrond.vlaanderen.be/id/conceptscheme/sedimentairestructuurtype,null
https://data.bodemenondergrond.vlaanderen.be/id/concept/sedimentairestructuurtype/on,http://www.w3.org/2004/02/skos/core#Concept,be.vlaanderen.bodemenondergrond.data.id.concept.sedimentairestructuurtype.on,Een korrel met carbonaatcoating gevormd door microbiële matten met irregulaire laminae.,https://data.bodemenondergrond.vlaanderen.be/id/conceptscheme/sedimentairestructuurtype,ON,Een korrel met carbonaatcoating gevormd door microbiële matten met irregulaire laminae.,oncolieten,https://data.bodemenondergrond.vlaanderen.be/id/conceptscheme/sedimentairestructuurtype,null
https://data.bodemenondergrond.vlaanderen.be/id/concept/sedimentairestructuurtype/oo,http://www.w3.org/2004/02/skos/core#Concept,be.vlaanderen.bodemenondergrond.data.id.concept.sedimentairestructuurtype.oo,Een kleine (< 2 mm) korrel met carbonaat- of ijzercoating met een cortex van fijne concentrische laminae zonder biogene eigenschappen en een nucleus bestaande uit een schelpfragment of een zandkorrel.,https://data.bodemenondergrond.vlaanderen.be/id/conceptscheme/sedimentairestructuurtype,OO,Een kleine (< 2 mm) korrel met carbonaat- of ijzercoating met een cortex van fijne concentrische laminae zonder biogene eigenschappen en een nucleus bestaande uit een schelpfragment of een zandkorrel.,oölieten,https://data.bodemenondergrond.vlaanderen.be/id/conceptscheme/sedimentairestructuurtype,null
https://data.bodemenondergrond.vlaanderen.be/id/concept/sedimentairestructuurtype/pe,http://www.w3.org/2004/02/skos/core#Concept,be.vlaanderen.bodemenondergrond.data.id.concept.sedimentairestructuurtype.pe,"Een ovoïde tot sferisch micriet deeltje zonder interne structuur, met een diameter van 0,03 tot 0,15 mm.",https://data.bodemenondergrond.vlaanderen.be/id/conceptscheme/sedimentairestructuurtype,PE,"Een ovoïde tot sferisch micriet deeltje zonder interne structuur, met een diameter van 0,03 tot 0,15 mm.",pellets,https://data.bodemenondergrond.vlaanderen.be/id/conceptscheme/sedimentairestructuurtype,null
https://data.bodemenondergrond.vlaanderen.be/id/concept/sedimentairestructuurtype/pi,http://www.w3.org/2004/02/skos/core#Concept,be.vlaanderen.bodemenondergrond.data.id.concept.sedimentairestructuurtype.pi,Een korrel met carbonaatcoating groter dan 2 mm in diameter.,https://data.bodemenondergrond.vlaanderen.be/id/conceptscheme/sedimentairestructuurtype,PI,Een korrel met carbonaatcoating groter dan 2 mm in diameter.,pisoiden,https://data.bodemenondergrond.vlaanderen.be/id/conceptscheme/sedimentairestructuurtype,null
https://data.bodemenondergrond.vlaanderen.be/id/concept/sedimentairestructuurtype/pl,http://www.w3.org/2004/02/skos/core#Concept,be.vlaanderen.bodemenondergrond.data.id.concept.sedimentairestructuurtype.pl,Mengsel van plantenresten.,https://data.bodemenondergrond.vlaanderen.be/id/conceptscheme/sedimentairestructuurtype,PL,Mengsel van plantenresten.,aangespoelde plantenresten / plantenhaksel,https://data.bodemenondergrond.vlaanderen.be/id/conceptscheme/sedimentairestructuurtype,null
https://data.bodemenondergrond.vlaanderen.be/id/concept/sedimentairestructuurtype/ps,http://www.w3.org/2004/02/skos/core#Concept,be.vlaanderen.bodemenondergrond.data.id.concept.sedimentairestructuurtype.ps,Een gesteente bestaande uit pisoiden.,https://data.bodemenondergrond.vlaanderen.be/id/conceptscheme/sedimentairestructuurtype,PS,Een gesteente bestaande uit pisoiden.,pisolieten,https://data.bodemenondergrond.vlaanderen.be/id/conceptscheme/sedimentairestructuurtype,null
https://data.bodemenondergrond.vlaanderen.be/id/concept/sedimentairestructuurtype/pt,http://www.w3.org/2004/02/skos/core#Concept,be.vlaanderen.bodemenondergrond.data.id.concept.sedimentairestructuurtype.pt,"Klastische kalksteen waarbij de korrels elkaar ondersteunen, met een beperkte hoeveelheid kalkmodder.",https://data.bodemenondergrond.vlaanderen.be/id/conceptscheme/sedimentairestructuurtype,PT,"Klastische kalksteen waarbij de korrels elkaar ondersteunen, met een beperkte hoeveelheid kalkmodder.",packstone textuur,https://data.bodemenondergrond.vlaanderen.be/id/conceptscheme/sedimentairestructuurtype,null
https://data.bodemenondergrond.vlaanderen.be/id/concept/sedimentairestructuurtype/re,http://www.w3.org/2004/02/skos/core#Concept,be.vlaanderen.bodemenondergrond.data.id.concept.sedimentairestructuurtype.re,"Cilindrische vormen en afdrukken in het gesteente, bv. door graafactiviteit van organismen.",https://data.bodemenondergrond.vlaanderen.be/id/conceptscheme/sedimentairestructuurtype,RE,"Cilindrische vormen en afdrukken in het gesteente, bv. door graafactiviteit van organismen.",'regendruppels' (cf. Planolites),https://data.bodemenondergrond.vlaanderen.be/id/conceptscheme/sedimentairestructuurtype,null
https://data.bodemenondergrond.vlaanderen.be/id/concept/sedimentairestructuurtype/ru,http://www.w3.org/2004/02/skos/core#Concept,be.vlaanderen.bodemenondergrond.data.id.concept.sedimentairestructuurtype.ru,"Een klastisch gesteente met meer dan 30 % grindkorrels (> 2 mm), met of zonder een matrix van zand en/of klei.",https://data.bodemenondergrond.vlaanderen.be/id/conceptscheme/sedimentairestructuurtype,RU,"Een klastisch gesteente met meer dan 30 % grindkorrels (> 2 mm), met of zonder een matrix van zand en/of klei.",rudstone,https://data.bodemenondergrond.vlaanderen.be/id/conceptscheme/sedimentairestructuurtype,null
https://data.bodemenondergrond.vlaanderen.be/id/concept/sedimentairestructuurtype/sg,http://www.w3.org/2004/02/skos/core#Concept,be.vlaanderen.bodemenondergrond.data.id.concept.sedimentairestructuurtype.sg,De karakteristieke structuur gevormd door de stroomafwaartse migratie van onderwaterstructuren met een schuin sedimentair oppervlak.,https://data.bodemenondergrond.vlaanderen.be/id/conceptscheme/sedimentairestructuurtype,SG,De karakteristieke structuur gevormd door de stroomafwaartse migratie van onderwaterstructuren met een schuin sedimentair oppervlak.,schuine gelaagdheid,https://data.bodemenondergrond.vlaanderen.be/id/conceptscheme/sedimentairestructuurtype,null
https://data.bodemenondergrond.vlaanderen.be/id/concept/sedimentairestructuurtype/sl,http://www.w3.org/2004/02/skos/core#Concept,be.vlaanderen.bodemenondergrond.data.id.concept.sedimentairestructuurtype.sl,Neerwaarts massatransport van sediment onder invloed van de zwaartekracht. Vaak sterke interne deformatie.,https://data.bodemenondergrond.vlaanderen.be/id/conceptscheme/sedimentairestructuurtype,SL,Neerwaarts massatransport van sediment onder invloed van de zwaartekracht. Vaak sterke interne deformatie.,slumping,https://data.bodemenondergrond.vlaanderen.be/id/conceptscheme/sedimentairestructuurtype,null
https://data.bodemenondergrond.vlaanderen.be/id/concept/sedimentairestructuurtype/sp,http://www.w3.org/2004/02/skos/core#Concept,be.vlaanderen.bodemenondergrond.data.id.concept.sedimentairestructuurtype.sp,"Een chemische neerslag gevormd in een grot (bv. stalagmieten en stalactieten). Doorgaans bestaande uit calciet, maar soms ook gips of haliet.",https://data.bodemenondergrond.vlaanderen.be/id/conceptscheme/sedimentairestructuurtype,SP,"Een chemische neerslag gevormd in een grot (bv. stalagmieten en stalactieten). Doorgaans bestaande uit calciet, maar soms ook gips of haliet.",speleotheem,https://data.bodemenondergrond.vlaanderen.be/id/conceptscheme/sedimentairestructuurtype,null
https://data.bodemenondergrond.vlaanderen.be/id/concept/sedimentairestructuurtype/sr,http://www.w3.org/2004/02/skos/core#Concept,be.vlaanderen.bodemenondergrond.data.id.concept.sedimentairestructuurtype.sr,Golvende structuren of ribbels gevormd door de stroming van water.,https://data.bodemenondergrond.vlaanderen.be/id/conceptscheme/sedimentairestructuurtype,SR,Golvende structuren of ribbels gevormd door de stroming van water.,stroomribbels,https://data.bodemenondergrond.vlaanderen.be/id/conceptscheme/sedimentairestructuurtype,null
https://data.bodemenondergrond.vlaanderen.be/id/concept/sedimentairestructuurtype/st,http://www.w3.org/2004/02/skos/core#Concept,be.vlaanderen.bodemenondergrond.data.id.concept.sedimentairestructuurtype.st,"Afzetting, sediment of gesteente met duidelijk herkenbare gelaagdheid of stratificatie.",https://data.bodemenondergrond.vlaanderen.be/id/conceptscheme/sedimentairestructuurtype,ST,"Afzetting, sediment of gesteente met duidelijk herkenbare gelaagdheid of stratificatie.",stratificaties,https://data.bodemenondergrond.vlaanderen.be/id/conceptscheme/sedimentairestructuurtype,null
https://data.bodemenondergrond.vlaanderen.be/id/concept/sedimentairestructuurtype/tu,http://www.w3.org/2004/02/skos/core#Concept,be.vlaanderen.bodemenondergrond.data.id.concept.sedimentairestructuurtype.tu,"Een afzetting gevormd onder invloed van een onderwater densiteitsstroming van sediment in suspensie, onder invloed van de zwaartekracht, met het potentieel om over zeer zachte hellingen (< 1%) naar beneden of zelfs hellingopwaarts te stromen.",https://data.bodemenondergrond.vlaanderen.be/id/conceptscheme/sedimentairestructuurtype,TU,"Een afzetting gevormd onder invloed van een onderwater densiteitsstroming van sediment in suspensie, onder invloed van de zwaartekracht, met het potentieel om over zeer zachte hellingen (< 1%) naar beneden of zelfs hellingopwaarts te stromen.",turbidiet,https://data.bodemenondergrond.vlaanderen.be/id/conceptscheme/sedimentairestructuurtype,null
https://data.bodemenondergrond.vlaanderen.be/id/concept/sedimentairestructuurtype/us,http://www.w3.org/2004/02/skos/core#Concept,be.vlaanderen.bodemenondergrond.data.id.concept.sedimentairestructuurtype.us,"Spleten gevormd door uitdroging, vaak in hexagonaal patroon en gevormd in kleiig sediment.",https://data.bodemenondergrond.vlaanderen.be/id/conceptscheme/sedimentairestructuurtype,US,"Spleten gevormd door uitdroging, vaak in hexagonaal patroon en gevormd in kleiig sediment.",uitdrogingsspleten,https://data.bodemenondergrond.vlaanderen.be/id/conceptscheme/sedimentairestructuurtype,null
https://data.bodemenondergrond.vlaanderen.be/id/concept/sedimentairestructuurtype/vb,http://www.w3.org/2004/02/skos/core#Concept,be.vlaanderen.bodemenondergrond.data.id.concept.sedimentairestructuurtype.vb,"Banken bestaande uit veen of turf, afgestorven en zeer licht gecompacteerd organisch materiaal.",https://data.bodemenondergrond.vlaanderen.be/id/conceptscheme/sedimentairestructuurtype,VB,"Banken bestaande uit veen of turf, afgestorven en zeer licht gecompacteerd organisch materiaal.",veenbanken,https://data.bodemenondergrond.vlaanderen.be/id/conceptscheme/sedimentairestructuurtype,null
https://data.bodemenondergrond.vlaanderen.be/id/concept/sedimentairestructuurtype/vk,http://www.w3.org/2004/02/skos/core#Concept,be.vlaanderen.bodemenondergrond.data.id.concept.sedimentairestructuurtype.vk,Verspreid voorkomen van keien of grind (> 2 mm).,https://data.bodemenondergrond.vlaanderen.be/id/conceptscheme/sedimentairestructuurtype,VK,Verspreid voorkomen van keien of grind (> 2 mm).,verspreide keien,https://data.bodemenondergrond.vlaanderen.be/id/conceptscheme/sedimentairestructuurtype,null
https://data.bodemenondergrond.vlaanderen.be/id/concept/sedimentairestructuurtype/vs,http://www.w3.org/2004/02/skos/core#Concept,be.vlaanderen.bodemenondergrond.data.id.concept.sedimentairestructuurtype.vs,"Materiaal dat (deels) versteend of aaneengekit is, bv. door een cement van kalk, ijzeroxiden of silica.",https://data.bodemenondergrond.vlaanderen.be/id/conceptscheme/sedimentairestructuurtype,VS,"Materiaal dat (deels) versteend of aaneengekit is, bv. door een cement van kalk, ijzeroxiden of silica.",versteend / aaneengekit materiaal,https://data.bodemenondergrond.vlaanderen.be/id/conceptscheme/sedimentairestructuurtype,null
https://data.bodemenondergrond.vlaanderen.be/id/concept/sedimentairestructuurtype/wa,http://www.w3.org/2004/02/skos/core#Concept,be.vlaanderen.bodemenondergrond.data.id.concept.sedimentairestructuurtype.wa,Een kalksteen met carbonaatdeeltjes die worden ondersteund door een matrix van fijne kalkmodder.,https://data.bodemenondergrond.vlaanderen.be/id/conceptscheme/sedimentairestructuurtype,WA,Een kalksteen met carbonaatdeeltjes die worden ondersteund door een matrix van fijne kalkmodder.,wackestone textuur,https://data.bodemenondergrond.vlaanderen.be/id/conceptscheme/sedimentairestructuurtype,null
https://data.bodemenondergrond.vlaanderen.be/id/concept/sedimentairestructuurtype/zk,http://www.w3.org/2004/02/skos/core#Concept,be.vlaanderen.bodemenondergrond.data.id.concept.sedimentairestructuurtype.zk,Een laagvlak met een zwarte kleur door verhoogd organisch materiaal.,https://data.bodemenondergrond.vlaanderen.be/id/conceptscheme/sedimentairestructuurtype,ZK,Een laagvlak met een zwarte kleur door verhoogd organisch materiaal.,zwart / kolig laagvlak,https://data.bodemenondergrond.vlaanderen.be/id/conceptscheme/sedimentairestructuurtype,null
https://data.bodemenondergrond.vlaanderen.be/id/concept/sedimentairestructuurtype/zw,http://www.w3.org/2004/02/skos/core#Concept,be.vlaanderen.bodemenondergrond.data.id.concept.sedimentairestructuurtype.zw,Lokaal voorkomen van een zandconcentratie in een ander materiaal.,https://data.bodemenondergrond.vlaanderen.be/id/conceptscheme/sedimentairestructuurtype,ZW,Lokaal voorkomen van een zandconcentratie in een ander materiaal.,zandwolken,https://data.bodemenondergrond.vlaanderen.be/id/conceptscheme/sedimentairestructuurtype,null
https://data.bodemenondergrond.vlaanderen.be/id/conceptscheme/sedimentairestructuurtype,http://www.w3.org/2004/02/skos/core#ConceptScheme,be.vlaanderen.bodemenondergrond.data.id.conceptscheme.sedimentairestructuurtype,null,null,null,null,Lijst van types sedimentaire structuren,null,https://data.bodemenondergrond.vlaanderen.be/id/concept/sedimentairestructuurtype/be|https://data.bodemenondergrond.vlaanderen.be/id/concept/sedimentairestructuurtype/bk|https://data.bodemenondergrond.vlaanderen.be/id/concept/sedimentairestructuurtype/bo|https://data.bodemenondergrond.vlaanderen.be/id/concept/sedimentairestructuurtype/br|https://data.bodemenondergrond.vlaanderen.be/id/concept/sedimentairestructuurtype/bt|https://data.bodemenondergrond.vlaanderen.be/id/concept/sedimentairestructuurtype/ca|https://data.bodemenondergrond.vlaanderen.be/id/concept/sedimentairestructuurtype/cb|https://data.bodemenondergrond.vlaanderen.be/id/concept/sedimentairestructuurtype/co|https://data.bodemenondergrond.vlaanderen.be/id/concept/sedimentairestructuurtype/cu|https://data.bodemenondergrond.vlaanderen.be/id/concept/sedimentairestructuurtype/ep|https://data.bodemenondergrond.vlaanderen.be/id/concept/sedimentairestructuurtype/ev|https://data.bodemenondergrond.vlaanderen.be/id/concept/sedimentairestructuurtype/fb|https://data.bodemenondergrond.vlaanderen.be/id/concept/sedimentairestructuurtype/fn|https://data.bodemenondergrond.vlaanderen.be/id/concept/sedimentairestructuurtype/fo|https://data.bodemenondergrond.vlaanderen.be/id/concept/sedimentairestructuurtype/fs|https://data.bodemenondergrond.vlaanderen.be/id/concept/sedimentairestructuurtype/fu|https://data.bodemenondergrond.vlaanderen.be/id/concept/sedimentairestructuurtype/ge|https://data.bodemenondergrond.vlaanderen.be/id/concept/sedimentairestructuurtype/go|https://data.bodemenondergrond.vlaanderen.be/id/concept/sedimentairestructuurtype/gp|https://data.bodemenondergrond.vlaanderen.be/id/concept/sedimentairestructuurtype/gt|https://data.bodemenondergrond.vlaanderen.be/id/concept/sedimentairestructuurtype/hg|https://data.bodemenondergrond.vlaanderen.be/id/concept/sedimentairestructuurtype/ik|https://data.bodemenondergrond.vlaanderen.be/id/concept/sedimentairestructuurtype/ka|https://data.bodemenondergrond.vlaanderen.be/id/concept/sedimentairestructuurtype/ke|https://data.bodemenondergrond.vlaanderen.be/id/concept/sedimentairestructuurtype/kk|https://data.bodemenondergrond.vlaanderen.be/id/concept/sedimentairestructuurtype/kl|https://data.bodemenondergrond.vlaanderen.be/id/concept/sedimentairestructuurtype/ko|https://data.bodemenondergrond.vlaanderen.be/id/concept/sedimentairestructuurtype/kr|https://data.bodemenondergrond.vlaanderen.be/id/concept/sedimentairestructuurtype/kv|https://data.bodemenondergrond.vlaanderen.be/id/concept/sedimentairestructuurtype/la|https://data.bodemenondergrond.vlaanderen.be/id/concept/sedimentairestructuurtype/le|https://data.bodemenondergrond.vlaanderen.be/id/concept/sedimentairestructuurtype/lf|https://data.bodemenondergrond.vlaanderen.be/id/concept/sedimentairestructuurtype/li|https://data.bodemenondergrond.vlaanderen.be/id/concept/sedimentairestructuurtype/lm|https://data.bodemenondergrond.vlaanderen.be/id/concept/sedimentairestructuurtype/lo|https://data.bodemenondergrond.vlaanderen.be/id/concept/sedimentairestructuurtype/ma|https://data.bodemenondergrond.vlaanderen.be/id/concept/sedimentairestructuurtype/mi|https://data.bodemenondergrond.vlaanderen.be/id/concept/sedimentairestructuurtype/mu|https://data.bodemenondergrond.vlaanderen.be/id/concept/sedimentairestructuurtype/no|https://data.bodemenondergrond.vlaanderen.be/id/concept/sedimentairestructuurtype/ob|https://data.bodemenondergrond.vlaanderen.be/id/concept/sedimentairestructuurtype/on|https://data.bodemenondergrond.vlaanderen.be/id/concept/sedimentairestructuurtype/oo|https://data.bodemenondergrond.vlaanderen.be/id/concept/sedimentairestructuurtype/pe|https://data.bodemenondergrond.vlaanderen.be/id/concept/sedimentairestructuurtype/pi|https://data.bodemenondergrond.vlaanderen.be/id/concept/sedimentairestructuurtype/pl|https://data.bodemenondergrond.vlaanderen.be/id/concept/sedimentairestructuurtype/ps|https://data.bodemenondergrond.vlaanderen.be/id/concept/sedimentairestructuurtype/pt|https://data.bodemenondergrond.vlaanderen.be/id/concept/sedimentairestructuurtype/re|https://data.bodemenondergrond.vlaanderen.be/id/concept/sedimentairestructuurtype/ru|https://data.bodemenondergrond.vlaanderen.be/id/concept/sedimentairestructuurtype/sg|https://data.bodemenondergrond.vlaanderen.be/id/concept/sedimentairestructuurtype/sl|https://data.bodemenondergrond.vlaanderen.be/id/concept/sedimentairestructuurtype/sp|https://data.bodemenondergrond.vlaanderen.be/id/concept/sedimentairestructuurtype/sr|https://data.bodemenondergrond.vlaanderen.be/id/concept/sedimentairestructuurtype/st|https://data.bodemenondergrond.vlaanderen.be/id/concept/sedimentairestructuurtype/tu|https://data.bodemenondergrond.vlaanderen.be/id/concept/sedimentairestructuurtype/us|https://data.bodemenondergrond.vlaanderen.be/id/concept/sedimentairestructuurtype/vb|https://data.bodemenondergrond.vlaanderen.be/id/concept/sedimentairestructuurtype/vk|https://data.bodemenondergrond.vlaanderen.be/id/concept/sedimentairestructuurtype/vs|https://data.bodemenondergrond.vlaanderen.be/id/concept/sedimentairestructuurtype/wa|https://data.bodemenondergrond.vlaanderen.be/id/concept/sedimentairestructuurtype/zk|https://data.bodemenondergrond.vlaanderen.be/id/concept/sedimentairestructuurtype/zw