uri,dc.identifier,notation,prefLabel,altLabel,broadMatch,closeMatch,definition,exactMatch,inScheme,topConceptOf
conceptscheme:sedimentairestructuurtype,be.vlaanderen.bodemenondergrond.data.id.conceptscheme.sedimentairestructuurtype,,Lijst van types sedimentaire structuren,,,,,,,
concept:pl,be.vlaanderen.bodemenondergrond.data.id.concept.sedimentairestructuurtype.pl,PL,aangespoelde plantenresten / plantenhaksel,,,,Mengsel van plantenresten.,,conceptscheme:sedimentairestructuurtype,conceptscheme:sedimentairestructuurtype
concept:bk,be.vlaanderen.bodemenondergrond.data.id.concept.sedimentairestructuurtype.bk,BK,bioklasten,,,,"Korrels die bestaan uit de overblijfselen van organismen, vaak microscopische kalkskeletjes.",,conceptscheme:sedimentairestructuurtype,conceptscheme:sedimentairestructuurtype
concept:bt,be.vlaanderen.bodemenondergrond.data.id.concept.sedimentairestructuurtype.bt,BT,bioturbatie,,,,"Het omwoelen van sediment, hoofdzakelijk door gravende organismen.",,conceptscheme:sedimentairestructuurtype,conceptscheme:sedimentairestructuurtype
concept:be,be.vlaanderen.bodemenondergrond.data.id.concept.sedimentairestructuurtype.be,BE,birdseyes,,,,"Fenestrae. Holten van millimetergrootte in sedimentaire gesteente die geheel of gedeeltelijk opgevuld kunnen zijn door sediment of cement, gevormd door uitdroging of insluiting van lucht.",,conceptscheme:sedimentairestructuurtype,conceptscheme:sedimentairestructuurtype
concept:bo,be.vlaanderen.bodemenondergrond.data.id.concept.sedimentairestructuurtype.bo,BO,boundstone textuur,,,,Kalksteen waarbij de korrels aaneengekit zijn door organismen.,,conceptscheme:sedimentairestructuurtype,conceptscheme:sedimentairestructuurtype
concept:br,be.vlaanderen.bodemenondergrond.data.id.concept.sedimentairestructuurtype.br,BR,breccieus,,,,Klastisch met grove hoekige fragmenten.,,conceptscheme:sedimentairestructuurtype,conceptscheme:sedimentairestructuurtype
concept:ca,be.vlaanderen.bodemenondergrond.data.id.concept.sedimentairestructuurtype.ca,CA,calcrete / caliche,,,,"Een poederig, nodulair tot sterk verhard materiaal dat nabij het oppervlak gevormd is in een ariede tot semi-ariede omgeving, door cementatie door calciet, aangevoerd door grondwater in het sediment en de bodem.",,conceptscheme:sedimentairestructuurtype,conceptscheme:sedimentairestructuurtype
concept:cb,be.vlaanderen.bodemenondergrond.data.id.concept.sedimentairestructuurtype.cb,CB,compactiebreuken,,,,Breuken ontstaan door compactie van het sediment bij begraving.,,conceptscheme:sedimentairestructuurtype,conceptscheme:sedimentairestructuurtype
concept:co,be.vlaanderen.bodemenondergrond.data.id.concept.sedimentairestructuurtype.co,CO,concretie,,,,"Nodule, vaak sferisch maar kan ook irregulair van vorm zijn. Vaak bestaande uit carbonaatmateriaal, pyriet, gips of silica.",,conceptscheme:sedimentairestructuurtype,conceptscheme:sedimentairestructuurtype
concept:cu,be.vlaanderen.bodemenondergrond.data.id.concept.sedimentairestructuurtype.cu,CU,CU-gegradeerde gelaagdheid,,,,Gelaagd sediment waarbij de korrelgrootte toeneemt naar boven toe.,,conceptscheme:sedimentairestructuurtype,conceptscheme:sedimentairestructuurtype
concept:ev,be.vlaanderen.bodemenondergrond.data.id.concept.sedimentairestructuurtype.ev,EV,erosievlak,,,,Een vlak (of lijn in een 2D profiel) waarop erosie heeft plaatsgevonden. Het bovenliggende pakket is ingesneden in het onderliggende pakket. Dit vlak kan recht of onregelmatig ondulerend zijn. Vaak is er een basisgrind aanwezig aan de basis van het bovenliggende pakket.,,conceptscheme:sedimentairestructuurtype,conceptscheme:sedimentairestructuurtype
concept:ep,be.vlaanderen.bodemenondergrond.data.id.concept.sedimentairestructuurtype.ep,EP,evaporiet pseudomorfen,,,,Een secundair evaporiet mineraal dat de vorm van het oorspronkelijke mineraal of fossiel heeft behouden.,,conceptscheme:sedimentairestructuurtype,conceptscheme:sedimentairestructuurtype
concept:fb,be.vlaanderen.bodemenondergrond.data.id.concept.sedimentairestructuurtype.fb,FB,fijn gebankt,,,,Aanwezigheid van fijne banken.,,conceptscheme:sedimentairestructuurtype,conceptscheme:sedimentairestructuurtype
concept:fs,be.vlaanderen.bodemenondergrond.data.id.concept.sedimentairestructuurtype.fs,FS,floatstone,,,,Een grofkorrelige kalksteen waarbij meer dan 10% van de klasten groter is dan 2 mm. De klasten worden door de matrix gedragen.,,conceptscheme:sedimentairestructuurtype,conceptscheme:sedimentairestructuurtype
concept:fo,be.vlaanderen.bodemenondergrond.data.id.concept.sedimentairestructuurtype.fo,FO,fossielrijk,,,,Sediment rijk aan fossielen.,,conceptscheme:sedimentairestructuurtype,conceptscheme:sedimentairestructuurtype
concept:fu,be.vlaanderen.bodemenondergrond.data.id.concept.sedimentairestructuurtype.fu,FU,FU-gegradeerde gelaagdheid,,,,Gelaagd sediment waarbij de korrelgrootte afneemt naar boven toe.,,conceptscheme:sedimentairestructuurtype,conceptscheme:sedimentairestructuurtype
concept:ge,be.vlaanderen.bodemenondergrond.data.id.concept.sedimentairestructuurtype.ge,GE,geband,,,,Aanwezigheid van een gebande textuur.,,conceptscheme:sedimentairestructuurtype,conceptscheme:sedimentairestructuurtype
concept:gp,be.vlaanderen.bodemenondergrond.data.id.concept.sedimentairestructuurtype.gp,GP,geopetale structuur,,,,Structuur gevormd door de gedeeltelijke opvulling van een holte door sediment onder invloed van de zwaartekracht.,,conceptscheme:sedimentairestructuurtype,conceptscheme:sedimentairestructuurtype
concept:go,be.vlaanderen.bodemenondergrond.data.id.concept.sedimentairestructuurtype.go,GO,golvend laagvlak,,,,"Een laagvlak dat een ondulerend of golvend voorkomen heeft, in tegenstelling tot een recht laagvlak.",,conceptscheme:sedimentairestructuurtype,conceptscheme:sedimentairestructuurtype
concept:gt,be.vlaanderen.bodemenondergrond.data.id.concept.sedimentairestructuurtype.gt,GT,grainstone textuur,,,,De textuur van een klastisch gesteente.,,conceptscheme:sedimentairestructuurtype,conceptscheme:sedimentairestructuurtype
concept:hg,be.vlaanderen.bodemenondergrond.data.id.concept.sedimentairestructuurtype.hg,HG,hardground,,,,"Een verhard oppervlak, gevormd door synsedimentaire lithificatie van sediment op de zeebodem tijdens een periode van verminderde sedimentatiesnelheid.",,conceptscheme:sedimentairestructuurtype,conceptscheme:sedimentairestructuurtype
concept:ik,be.vlaanderen.bodemenondergrond.data.id.concept.sedimentairestructuurtype.ik,IK,intraklasten,,,,"Een klast gevormd door erosie van sediment niet lang na afzetting, herwerkt in een jongere afzetting.",,conceptscheme:sedimentairestructuurtype,conceptscheme:sedimentairestructuurtype
concept:kk,be.vlaanderen.bodemenondergrond.data.id.concept.sedimentairestructuurtype.kk,KK,kalkklasten,,,,Een klast bestaande uit kalkmateriaal.,,conceptscheme:sedimentairestructuurtype,conceptscheme:sedimentairestructuurtype
concept:ka,be.vlaanderen.bodemenondergrond.data.id.concept.sedimentairestructuurtype.ka,KA,karst / oplossing,,,,"Oplossingsstructuren gevormd in carbonaathoudend materiaal, meestal door de inwerking van zuur oppervlaktewater.",,conceptscheme:sedimentairestructuurtype,conceptscheme:sedimentairestructuurtype
concept:kl,be.vlaanderen.bodemenondergrond.data.id.concept.sedimentairestructuurtype.kl,KL,kleiklasten,,,,Klasten bestaande uit kleiig materiaal.,,conceptscheme:sedimentairestructuurtype,conceptscheme:sedimentairestructuurtype
concept:ke,be.vlaanderen.bodemenondergrond.data.id.concept.sedimentairestructuurtype.ke,KE,kleilenzen /-laagjes,,,,Laagjes of discontinue lenzen van klei.,,conceptscheme:sedimentairestructuurtype,conceptscheme:sedimentairestructuurtype
concept:kv,be.vlaanderen.bodemenondergrond.data.id.concept.sedimentairestructuurtype.kv,KV,kleirijk laagvlak,,,,Een laagvlak bestaande uit kleiig materiaal.,,conceptscheme:sedimentairestructuurtype,conceptscheme:sedimentairestructuurtype
concept:kr,be.vlaanderen.bodemenondergrond.data.id.concept.sedimentairestructuurtype.kr,KR,kriskras gelaagdheid,,,,Sedimentaire structuur waarbij schuine gelaagdheden voorkomen in verschillende tegengestelde oriëntaties.,,conceptscheme:sedimentairestructuurtype,conceptscheme:sedimentairestructuurtype
concept:ko,be.vlaanderen.bodemenondergrond.data.id.concept.sedimentairestructuurtype.ko,KO,laagvlak met koolbrokjes,,,,Een laagvlak rijk aan brokjes van bruinkool of steenkool.,,conceptscheme:sedimentairestructuurtype,conceptscheme:sedimentairestructuurtype
concept:la,be.vlaanderen.bodemenondergrond.data.id.concept.sedimentairestructuurtype.la,LA,laminaties,,,,"Fijne discrete laagjes in het sediment of gesteente, tussen 0,005 en 1 mm dik.",,conceptscheme:sedimentairestructuurtype,conceptscheme:sedimentairestructuurtype
concept:lf,be.vlaanderen.bodemenondergrond.data.id.concept.sedimentairestructuurtype.lf,LF,laminoid-fenestral structuur,,,,"Geëlongeerde dunne holten in sedimentaire gesteenten, geheel of gedeeltelijk opgevuld.",,conceptscheme:sedimentairestructuurtype,conceptscheme:sedimentairestructuurtype
concept:le,be.vlaanderen.bodemenondergrond.data.id.concept.sedimentairestructuurtype.le,LE,lensvormige gelaagdheid,,,,Voorkomen van lensvormige discontinue laagjes.,,conceptscheme:sedimentairestructuurtype,conceptscheme:sedimentairestructuurtype
concept:li,be.vlaanderen.bodemenondergrond.data.id.concept.sedimentairestructuurtype.li,LI,lignietbanken,,,,Banken bestaande uit ligniet of bruinkool.,,conceptscheme:sedimentairestructuurtype,conceptscheme:sedimentairestructuurtype
concept:lm,be.vlaanderen.bodemenondergrond.data.id.concept.sedimentairestructuurtype.lm,LM,limoniet- / ijzerbanken,,,,Banken die verhard zijn door de oxidatie van ijzerhoudende mineralen en de vorming van limoniet.,,conceptscheme:sedimentairestructuurtype,conceptscheme:sedimentairestructuurtype
concept:lo,be.vlaanderen.bodemenondergrond.data.id.concept.sedimentairestructuurtype.lo,LO,load cast,,,,"Structuur gevormd bij deformatie van nat sediment, bv. nadat zand wordt afgezet bovenop klei waarbij het zand deels inzakt en ronde afdrukken achterlaat in de klei.",,conceptscheme:sedimentairestructuurtype,conceptscheme:sedimentairestructuurtype
concept:ma,be.vlaanderen.bodemenondergrond.data.id.concept.sedimentairestructuurtype.ma,MA,massief (compact),,,,Zonder interne structuur.,,conceptscheme:sedimentairestructuurtype,conceptscheme:sedimentairestructuurtype
concept:mi,be.vlaanderen.bodemenondergrond.data.id.concept.sedimentairestructuurtype.mi,MI,micarijk vlak,,,,"Een vlak rijk aan mica's of glimmers, plaatvormige fyllosilicaten.",,conceptscheme:sedimentairestructuurtype,conceptscheme:sedimentairestructuurtype
concept:mu,be.vlaanderen.bodemenondergrond.data.id.concept.sedimentairestructuurtype.mu,MU,mudstone textuur,,,,Gesteente met een zeer fijne kleiige textuur.,,conceptscheme:sedimentairestructuurtype,conceptscheme:sedimentairestructuurtype
concept:fn,be.vlaanderen.bodemenondergrond.data.id.concept.sedimentairestructuurtype.fn,FN,niet-gecompacteerde fossielen,,,,Fossiele die niet volledig gecompacteerd zijn tot platte afdrukken.,,conceptscheme:sedimentairestructuurtype,conceptscheme:sedimentairestructuurtype
concept:no,be.vlaanderen.bodemenondergrond.data.id.concept.sedimentairestructuurtype.no,NO,nodulair,,,,Een sedimentair gesteente rijk aan afgeronde vormen (nodules). ,,conceptscheme:sedimentairestructuurtype,conceptscheme:sedimentairestructuurtype
concept:ob,be.vlaanderen.bodemenondergrond.data.id.concept.sedimentairestructuurtype.ob,OB,onbepaald,,,,Sedimentaire structuur onbepaald,,conceptscheme:sedimentairestructuurtype,conceptscheme:sedimentairestructuurtype
concept:on,be.vlaanderen.bodemenondergrond.data.id.concept.sedimentairestructuurtype.on,ON,oncolieten,,,,Een korrel met carbonaatcoating gevormd door microbiële matten met irregulaire laminae.,,conceptscheme:sedimentairestructuurtype,conceptscheme:sedimentairestructuurtype
concept:oo,be.vlaanderen.bodemenondergrond.data.id.concept.sedimentairestructuurtype.oo,OO,oölieten,,,,Een kleine (< 2 mm) korrel met carbonaat- of ijzercoating met een cortex van fijne concentrische laminae zonder biogene eigenschappen en een nucleus bestaande uit een schelpfragment of een zandkorrel.,,conceptscheme:sedimentairestructuurtype,conceptscheme:sedimentairestructuurtype
concept:pt,be.vlaanderen.bodemenondergrond.data.id.concept.sedimentairestructuurtype.pt,PT,packstone textuur,,,,"Klastische kalksteen waarbij de korrels elkaar ondersteunen, met een beperkte hoeveelheid kalkmodder.",,conceptscheme:sedimentairestructuurtype,conceptscheme:sedimentairestructuurtype
concept:pe,be.vlaanderen.bodemenondergrond.data.id.concept.sedimentairestructuurtype.pe,PE,pellets,,,,"Een ovoïde tot sferisch micriet deeltje zonder interne structuur, met een diameter van 0,03 tot 0,15 mm.",,conceptscheme:sedimentairestructuurtype,conceptscheme:sedimentairestructuurtype
concept:pi,be.vlaanderen.bodemenondergrond.data.id.concept.sedimentairestructuurtype.pi,PI,pisoiden,,,,Een korrel met carbonaatcoating groter dan 2 mm in diameter.,,conceptscheme:sedimentairestructuurtype,conceptscheme:sedimentairestructuurtype
concept:pt,be.vlaanderen.bodemenondergrond.data.id.concept.sedimentairestructuurtype.pt,PT,pisolieten,,,,Een gesteente bestaande uit pisoiden.,,conceptscheme:sedimentairestructuurtype,conceptscheme:sedimentairestructuurtype
concept:re,be.vlaanderen.bodemenondergrond.data.id.concept.sedimentairestructuurtype.re,RE,'regendruppels' (cf. Planolites),,,,"Cilindrische vormen en afdrukken in het gesteente, bv. door graafactiviteit van organismen.",,conceptscheme:sedimentairestructuurtype,conceptscheme:sedimentairestructuurtype
concept:ru,be.vlaanderen.bodemenondergrond.data.id.concept.sedimentairestructuurtype.ru,RU,rudstone,,,,"Een klastisch gesteente met meer dan 30 % grindkorrels (> 2 mm), met of zonder een matrix van zand en/of klei.",,conceptscheme:sedimentairestructuurtype,conceptscheme:sedimentairestructuurtype
concept:sg,be.vlaanderen.bodemenondergrond.data.id.concept.sedimentairestructuurtype.sg,SG,schuine gelaagdheid,,,,De karakteristieke structuur gevormd door de stroomafwaartse migratie van onderwaterstructuren met een schuin sedimentair oppervlak.,,conceptscheme:sedimentairestructuurtype,conceptscheme:sedimentairestructuurtype
concept:sl,be.vlaanderen.bodemenondergrond.data.id.concept.sedimentairestructuurtype.sl,SL,slumping,,,,Neerwaarts massatransport van sediment onder invloed van de zwaartekracht. Vaak sterke interne deformatie.,,conceptscheme:sedimentairestructuurtype,conceptscheme:sedimentairestructuurtype
concept:sp,be.vlaanderen.bodemenondergrond.data.id.concept.sedimentairestructuurtype.sp,SP,speleotheem,,,,"Een chemische neerslag gevormd in een grot (bv. stalagmieten en stalactieten). Doorgaans bestaande uit calciet, maar soms ook gips of haliet.",,conceptscheme:sedimentairestructuurtype,conceptscheme:sedimentairestructuurtype
concept:st,be.vlaanderen.bodemenondergrond.data.id.concept.sedimentairestructuurtype.st,ST,stratificaties,,,,"Afzetting, sediment of gesteente met duidelijk herkenbare gelaagdheid of stratificatie.",,conceptscheme:sedimentairestructuurtype,conceptscheme:sedimentairestructuurtype
concept:sr,be.vlaanderen.bodemenondergrond.data.id.concept.sedimentairestructuurtype.sr,SR,stroomribbels,,,,Golvende structuren of ribbels gevormd door de stroming van water.,,conceptscheme:sedimentairestructuurtype,conceptscheme:sedimentairestructuurtype
concept:tu,be.vlaanderen.bodemenondergrond.data.id.concept.sedimentairestructuurtype.tu,TU,turbidiet,,,,"Een afzetting gevormd onder invloed van een onderwater densiteitsstroming van sediment in suspensie, onder invloed van de zwaartekracht, met het potentieel om over zeer zachte hellingen (< 1%) naar beneden of zelfs hellingopwaarts te stromen.",,conceptscheme:sedimentairestructuurtype,conceptscheme:sedimentairestructuurtype
concept:us,be.vlaanderen.bodemenondergrond.data.id.concept.sedimentairestructuurtype.us,US,uitdrogingsspleten,,,,"Spleten gevormd door uitdroging, vaak in hexagonaal patroon en gevormd in kleiig sediment.",,conceptscheme:sedimentairestructuurtype,conceptscheme:sedimentairestructuurtype
concept:vb,be.vlaanderen.bodemenondergrond.data.id.concept.sedimentairestructuurtype.vb,VB,veenbanken,,,,"Banken bestaande uit veen of turf, afgestorven en zeer licht gecompacteerd organisch materiaal.",,conceptscheme:sedimentairestructuurtype,conceptscheme:sedimentairestructuurtype
concept:vk,be.vlaanderen.bodemenondergrond.data.id.concept.sedimentairestructuurtype.vk,VK,verspreide keien,,,,Verspreid voorkomen van keien of grind (> 2 mm).,,conceptscheme:sedimentairestructuurtype,conceptscheme:sedimentairestructuurtype
concept:vs,be.vlaanderen.bodemenondergrond.data.id.concept.sedimentairestructuurtype.vs,VS,versteend / aaneengekit materiaal,,,,"Materiaal dat (deels) versteend of aaneengekit is, bv. door een cement van kalk, ijzeroxiden of silica.",,conceptscheme:sedimentairestructuurtype,conceptscheme:sedimentairestructuurtype
concept:wa,be.vlaanderen.bodemenondergrond.data.id.concept.sedimentairestructuurtype.wa,WA,wackestone textuur,,,,Een kalksteen met carbonaatdeeltjes die worden ondersteund door een matrix van fijne kalkmodder. ,,conceptscheme:sedimentairestructuurtype,conceptscheme:sedimentairestructuurtype
concept:zw,be.vlaanderen.bodemenondergrond.data.id.concept.sedimentairestructuurtype.zw,ZW,zandwolken,,,,Lokaal voorkomen van een zandconcentratie in een ander materiaal.,,conceptscheme:sedimentairestructuurtype,conceptscheme:sedimentairestructuurtype
concept:zk,be.vlaanderen.bodemenondergrond.data.id.concept.sedimentairestructuurtype.zk,ZK,zwart / kolig laagvlak,,,,Een laagvlak met een zwarte kleur door verhoogd organisch materiaal.,,conceptscheme:sedimentairestructuurtype,conceptscheme:sedimentairestructuurtype
